drugbank_id,name,atc_codes
DB00002,cetuximab,L01XC06
DB00005,etanercept,L04AB01
DB00006,bivalirudin,B01AE06
DB00007,leuprolide,L02AE51
DB00007,leuprolide,L02AE02
DB00009,alteplase,B01AD02
DB00009,alteplase,S01XA13
DB00014,goserelin,L02AE03
DB00015,reteplase,B01AD07
DB00019,pegfilgrastim,L03AA13
DB00026,anakinra,L04AC03
DB00031,tenecteplase,B01AD11
DB00035,desmopressin,H01BA02
DB00039,palifermin,V03AF08
DB00041,aldesleukin,L03AC01
DB00043,omalizumab,R03DX05
DB00051,adalimumab,L04AB04
DB00054,abciximab,B01AC13
DB00063,eptifibatide,B01AC16
DB00065,infliximab,L04AB02
DB00072,trastuzumab,L01XC03
DB00074,basiliximab,L04AC02
DB00082,pegvisomant,H01AX01
DB00087,alemtuzumab,L04AA34
DB00091,cyclosporine,L04AD01
DB00091,cyclosporine,S01XA18
DB00099,filgrastim,L03AA02
DB00104,octreotide,H01CB02
DB00108,natalizumab,L04AA23
DB00109,enfuvirtide,J05AX07
DB00110,palivizumab,J06BB16
DB00111,daclizumab,L04AC01
DB00112,bevacizumab,L01XC07
DB00115,cyanocobalamin,B03BA01
DB00115,cyanocobalamin,B03AE01
DB00115,cyanocobalamin,B03BA51
DB00121,biotin,A11HA05
DB00136,calcitriol,D05AX03
DB00136,calcitriol,A11CC04
DB00140,riboflavin,A11HA04
DB00140,riboflavin,S01XA26
DB00145,glycine,B05CX03
DB00152,thiamine,A11DA01
DB00153,ergocalciferol,A11CC01
DB00165,pyridoxine,J04AM08
DB00165,pyridoxine,A11HA02
DB00169,cholecalciferol,M05BB09
DB00169,cholecalciferol,M05BX53
DB00169,cholecalciferol,M05BB07
DB00169,cholecalciferol,M05BB08
DB00169,cholecalciferol,A11CC55
DB00169,cholecalciferol,M05BB05
DB00169,cholecalciferol,A11CC05
DB00169,cholecalciferol,M05BB03
DB00169,cholecalciferol,M05BB04
DB00175,pravastatin,C10AA03
DB00175,pravastatin,C10BA03
DB00175,pravastatin,C10BX02
DB00176,fluvoxamine,N06AB08
DB00177,valsartan,C09DX05
DB00177,valsartan,C10BX10
DB00177,valsartan,C09DA03
DB00177,valsartan,C09CA03
DB00177,valsartan,C09DX02
DB00177,valsartan,C09DX01
DB00177,valsartan,C09DB08
DB00177,valsartan,C09DB01
DB00177,valsartan,C09DX04
DB00178,ramipril,C09BX03
DB00178,ramipril,C10BX04
DB00178,ramipril,C09BB07
DB00178,ramipril,C10BX06
DB00178,ramipril,C09BB05
DB00178,ramipril,C09BA05
DB00178,ramipril,C09AA05
DB00181,baclofen,M03BX01
DB00182,amphetamine,N06BA01
DB00184,nicotine,N07BA01
DB00185,cevimeline,N07AX03
DB00187,esmolol,C07AB09
DB00188,bortezomib,L01XX32
DB00191,phentermine,A08AA01
DB00193,tramadol,N02AJ13
DB00193,tramadol,N02AJ14
DB00193,tramadol,N02AX02
DB00195,betaxolol,S01ED02
DB00195,betaxolol,C07AB05
DB00195,betaxolol,S01ED52
DB00196,fluconazole,J01RA07
DB00196,fluconazole,J02AC01
DB00196,fluconazole,D01AC15
DB00198,oseltamivir,J05AH02
DB00199,erythromycin,J01FA01
DB00199,erythromycin,D10AF02
DB00199,erythromycin,S01AA17
DB00199,erythromycin,D10AF52
DB00200,hydroxocobalamin,B03BA53
DB00200,hydroxocobalamin,V03AB33
DB00200,hydroxocobalamin,B03BA03
DB00201,caffeine,R03DA20
DB00201,caffeine,V04CG30
DB00201,caffeine,N06BC01
DB00202,succinylcholine,M03AB01
DB00203,sildenafil,G01AE10
DB00203,sildenafil,G04BE03
DB00204,dofetilide,C01BD04
DB00205,pyrimethamine,P01BD01
DB00205,pyrimethamine,P01BD51
DB00205,pyrimethamine,P01BF04
DB00206,reserpine,C02LA51
DB00206,reserpine,C02AA02
DB00206,reserpine,C02LA01
DB00206,reserpine,C02LA71
DB00206,reserpine,C02AA52
DB00207,azithromycin,J01RA07
DB00207,azithromycin,S01AA26
DB00207,azithromycin,J01FA10
DB00208,ticlopidine,B01AC05
DB00209,trospium,A03DA06
DB00209,trospium,G04BD09
DB00210,adapalene,D10AD03
DB00210,adapalene,D10AD53
DB00211,midodrine,C01CA17
DB00213,pantoprazole,A02BD04
DB00213,pantoprazole,A02BD11
DB00213,pantoprazole,A02BC02
DB00215,citalopram,N06AB04
DB00216,eletriptan,N02CC06
DB00218,moxifloxacin,S01AE07
DB00218,moxifloxacin,J01MA14
DB00220,nelfinavir,J05AE04
DB00222,glimepiride,A10BD04
DB00222,glimepiride,A10BB12
DB00222,glimepiride,A10BD06
DB00224,indinavir,J05AE02
DB00227,lovastatin,C10AA02
DB00227,lovastatin,C10BA01
DB00230,pregabalin,N03AX16
DB00232,methyclothiazide,C03AA08
DB00232,methyclothiazide,C03AB08
DB00232,methyclothiazide,G01AE10
DB00238,nevirapine,J05AG01
DB00238,nevirapine,J05AR05
DB00238,nevirapine,J05AR07
DB00241,butalbital,N05CB01
DB00242,cladribine,L04AA40
DB00242,cladribine,L01BB04
DB00243,ranolazine,C01EB18
DB00246,ziprasidone,N05AE04
DB00248,cabergoline,N04BC06
DB00248,cabergoline,G02CB03
DB00250,dapsone,D10AX05
DB00250,dapsone,J04BA02
DB00252,phenytoin,N03AB02
DB00252,phenytoin,N03AB52
DB00257,clotrimazole,D01AC01
DB00257,clotrimazole,A01AB18
DB00257,clotrimazole,G01AF02
DB00257,clotrimazole,G01AF20
DB00259,sulfanilamide,G01AE10
DB00259,sulfanilamide,J01EB06
DB00259,sulfanilamide,D06BA05
DB00261,anagrelide,L01XX35
DB00262,carmustine,L01AD01
DB00264,metoprolol,C07FB02
DB00264,metoprolol,C07FX05
DB00264,metoprolol,C07FX03
DB00264,metoprolol,C07FB13
DB00264,metoprolol,C07AB02
DB00264,metoprolol,C07BB52
DB00264,metoprolol,C07CB02
DB00264,metoprolol,C07BB02
DB00268,ropinirole,N04BC04
DB00270,isradipine,C08CA03
DB00273,topiramate,N03AX11
DB00275,olmesartan,C09DA08
DB00275,olmesartan,C09DX03
DB00275,olmesartan,C09CA08
DB00275,olmesartan,C09DB02
DB00277,theophylline,R03DA54
DB00277,theophylline,R03DA74
DB00277,theophylline,R03DA20
DB00277,theophylline,R03DA04
DB00277,theophylline,R03DB04
DB00279,liothyronine,H03AA03
DB00279,liothyronine,H03AA02
DB00280,disopyramide,C01BA03
DB00281,lidocaine,S01HA07
DB00281,lidocaine,D04AB01
DB00281,lidocaine,R02AD02
DB00281,lidocaine,C01BB01
DB00281,lidocaine,S02DA01
DB00281,lidocaine,N01BB52
DB00281,lidocaine,C05AD01
DB00281,lidocaine,N01BB02
DB00283,clemastine,D04AA14
DB00283,clemastine,R06AA54
DB00283,clemastine,R06AA04
DB00284,acarbose,A10BD17
DB00284,acarbose,A10BF01
DB00285,venlafaxine,N06AX16
DB00287,travoprost,S01EE04
DB00289,atomoxetine,N06BA09
DB00290,bleomycin,L01DC01
DB00291,chlorambucil,L01AA02
DB00292,etomidate,N01AX07
DB00294,etonogestrel,G03AC08
DB00295,morphine,A07DA52
DB00295,morphine,N02AA51
DB00295,morphine,N02AA01
DB00295,morphine,N02AG01
DB00296,ropivacaine,N01BB09
DB00297,bupivacaine,N01BB01
DB00297,bupivacaine,N01BB51
DB00304,desogestrel,G03AC09
DB00304,desogestrel,G03FB10
DB00304,desogestrel,G03AB05
DB00304,desogestrel,G03AA09
DB00305,mitomycin,L01DC03
DB00307,bexarotene,L01XX25
DB00308,ibutilide,C01BD05
DB00310,chlorthalidone,G01AE10
DB00310,chlorthalidone,C03EA06
DB00310,chlorthalidone,C03BB04
DB00310,chlorthalidone,C03BA04
DB00312,pentobarbital,N05CB01
DB00312,pentobarbital,N05CA01
DB00315,zolmitriptan,N02CC03
DB00316,acetaminophen,N02BE71
DB00316,acetaminophen,N02BE01
DB00316,acetaminophen,N02AJ13
DB00316,acetaminophen,N02AJ17
DB00316,acetaminophen,N02BE51
DB00316,acetaminophen,N02AJ06
DB00316,acetaminophen,N02AJ01
DB00317,gefitinib,L01XE02
DB00318,codeine,N02AA79
DB00318,codeine,R05DA04
DB00318,codeine,N02AA59
DB00318,codeine,N02AJ08
DB00318,codeine,N02AJ06
DB00318,codeine,N02AJ07
DB00319,piperacillin,J01CA12
DB00319,piperacillin,J01CR50
DB00320,dihydroergotamine,N02CA51
DB00320,dihydroergotamine,N02CA01
DB00321,amitriptyline,N06AA09
DB00321,amitriptyline,N06CA01
DB00322,floxuridine,L01BC09
DB00323,tolcapone,N04BX01
DB00324,fluorometholone,D07XB04
DB00324,fluorometholone,D07AB06
DB00324,fluorometholone,S01BA07
DB00324,fluorometholone,S01BB03
DB00324,fluorometholone,C05AA06
DB00324,fluorometholone,D07CB03
DB00324,fluorometholone,S01CB05
DB00324,fluorometholone,S01CA07
DB00324,fluorometholone,D10AA01
DB00325,nitroprusside,C02DD01
DB00327,hydromorphone,N02AA53
DB00327,hydromorphone,N02AA03
DB00327,hydromorphone,N02AG04
DB00328,indomethacin,S01CC02
DB00328,indomethacin,M01AB51
DB00328,indomethacin,S01BC01
DB00328,indomethacin,M02AA23
DB00328,indomethacin,M01AB01
DB00328,indomethacin,C01EB03
DB00331,metformin,A10BD23
DB00331,metformin,A10BD02
DB00331,metformin,A10BD18
DB00331,metformin,A10BD11
DB00331,metformin,A10BD25
DB00331,metformin,A10BA02
DB00331,metformin,A10BD22
DB00331,metformin,A10BD14
DB00331,metformin,A10BD16
DB00331,metformin,A10BD17
DB00331,metformin,A10BD05
DB00331,metformin,A10BD15
DB00331,metformin,A10BD07
DB00331,metformin,A10BD10
DB00331,metformin,A10BD13
DB00331,metformin,A10BD20
DB00331,metformin,A10BD08
DB00331,metformin,A10BD03
DB00333,methadone,N07BC02
DB00333,methadone,N02AC52
DB00334,olanzapine,N05AH03
DB00335,atenolol,C07CB53
DB00335,atenolol,C07AB03
DB00335,atenolol,C07FB03
DB00335,atenolol,C07DB01
DB00335,atenolol,C07BB03
DB00335,atenolol,C07CB03
DB00337,pimecrolimus,D11AH02
DB00338,omeprazole,A02BC01
DB00338,omeprazole,A02BD05
DB00338,omeprazole,A02BD01
DB00339,pyrazinamide,J04AK01
DB00339,pyrazinamide,J04AM06
DB00339,pyrazinamide,J04AM05
DB00341,cetirizine,R06AE07
DB00343,diltiazem,C08DB01
DB00343,diltiazem,C05AE03
DB00344,protriptyline,N06AA11
DB00346,alfuzosin,G04CA01
DB00346,alfuzosin,G04CA51
DB00347,trimethadione,N03AC02
DB00349,clobazam,N05BA09
DB00350,minoxidil,D11AX01
DB00350,minoxidil,C02DC01
DB00358,mefloquine,P01BF02
DB00358,mefloquine,P01BC02
DB00359,sulfadiazine,J01EE06
DB00359,sulfadiazine,J01EC02
DB00359,sulfadiazine,G01AE10
DB00359,sulfadiazine,J01EE02
DB00360,sapropterin,A16AX07
DB00361,vinorelbine,L01CA04
DB00363,clozapine,N05AH02
DB00364,sucralfate,A02BX02
DB00366,doxylamine,R06AA09
DB00366,doxylamine,R06AA59
DB00367,levonorgestrel,G03AB03
DB00367,levonorgestrel,G03AD01
DB00367,levonorgestrel,G03AC03
DB00367,levonorgestrel,G03FB09
DB00367,levonorgestrel,G03AA07
DB00367,levonorgestrel,G03FA11
DB00370,mirtazapine,N06AX11
DB00371,meprobamate,N05BC51
DB00371,meprobamate,N05CX01
DB00371,meprobamate,N05BC01
DB00373,timolol,C07AA06
DB00373,timolol,S01ED51
DB00373,timolol,C07BA06
DB00373,timolol,C07DA06
DB00373,timolol,S01ED01
DB00374,treprostinil,B01AC21
DB00376,trihexyphenidyl,N04AA01
DB00377,palonosetron,A04AA55
DB00377,palonosetron,A04AA05
DB00379,mexiletine,C01BB02
DB00380,dexrazoxane,V03AF02
DB00381,amlodipine,C09XA54
DB00381,amlodipine,C10BX07
DB00381,amlodipine,C09BB03
DB00381,amlodipine,C09BB04
DB00381,amlodipine,C07FB07
DB00381,amlodipine,C09DB06
DB00381,amlodipine,C07FB12
DB00381,amlodipine,C09DB05
DB00381,amlodipine,C09XA53
DB00381,amlodipine,C10BX03
DB00381,amlodipine,C07FB13
DB00381,amlodipine,C08CA01
DB00381,amlodipine,C09BX03
DB00381,amlodipine,C09DB04
DB00381,amlodipine,C09DX03
DB00381,amlodipine,C08GA02
DB00381,amlodipine,C09DB07
DB00381,amlodipine,C09DX06
DB00381,amlodipine,C09BX01
DB00381,amlodipine,C10BX11
DB00381,amlodipine,C09DB02
DB00381,amlodipine,C10BX09
DB00381,amlodipine,C09DX01
DB00381,amlodipine,C09DB01
DB00381,amlodipine,C10BX14
DB00381,amlodipine,C09BB07
DB00384,triamterene,C03DB02
DB00385,valrubicin,L01DB09
DB00388,phenylephrine,S01FB01
DB00388,phenylephrine,R01AB01
DB00388,phenylephrine,C01CA06
DB00388,phenylephrine,R01AA04
DB00388,phenylephrine,S01FB51
DB00388,phenylephrine,R01BA53
DB00388,phenylephrine,S01GA05
DB00388,phenylephrine,S01GA55
DB00388,phenylephrine,R01BA03
DB00390,digoxin,C01AA05
DB00393,nimodipine,C08CA06
DB00395,carisoprodol,M03BA02
DB00395,carisoprodol,M03BA72
DB00395,carisoprodol,M03BA52
DB00396,progesterone,G03FA04
DB00396,progesterone,G03DA04
DB00398,sorafenib,L01XE05
DB00400,griseofulvin,D01BA01
DB00400,griseofulvin,D01AA08
DB00401,nisoldipine,C08CA07
DB00402,eszopiclone,N05CF04
DB00404,alprazolam,N05BA12
DB00408,loxapine,N05AH01
DB00412,rosiglitazone,A10BD04
DB00412,rosiglitazone,A10BG02
DB00412,rosiglitazone,A10BD03
DB00413,pramipexole,N04BC05
DB00415,ampicillin,J01CR50
DB00415,ampicillin,J01CA51
DB00415,ampicillin,J01CA01
DB00415,ampicillin,S01AA19
DB00418,secobarbital,N05CB01
DB00418,secobarbital,N05CA06
DB00421,spironolactone,C03DA01
DB00422,methylphenidate,N06BA04
DB00424,hyoscyamine,A03BA03
DB00424,hyoscyamine,A03CB31
DB00425,zolpidem,N05CF02
DB00426,famciclovir,J05AB09
DB00426,famciclovir,S01AD07
DB00427,triprolidine,R06AX07
DB00428,streptozocin,L01AD04
DB00431,lindane,P03AB02
DB00432,trifluridine,L01BC59
DB00432,trifluridine,S01AD02
DB00433,prochlorperazine,N05AB04
DB00434,cyproheptadine,R06AX02
DB00436,bendroflumethiazide,C03AB01
DB00436,bendroflumethiazide,C03EA13
DB00436,bendroflumethiazide,G01AE10
DB00436,bendroflumethiazide,C03AA01
DB00437,allopurinol,M04AA01
DB00437,allopurinol,M04AA51
DB00438,ceftazidime,J01DD02
DB00440,trimethoprim,J04AM08
DB00440,trimethoprim,J01EA01
DB00440,trimethoprim,J01EE03
DB00440,trimethoprim,J01EE01
DB00440,trimethoprim,J01EE04
DB00440,trimethoprim,J01EE02
DB00440,trimethoprim,J01EE05
DB00440,trimethoprim,J01EE07
DB00441,gemcitabine,L01BC05
DB00443,betamethasone,R01AD06
DB00443,betamethasone,D07BC01
DB00443,betamethasone,S01BA06
DB00443,betamethasone,S01BB04
DB00443,betamethasone,S01CB04
DB00443,betamethasone,H02AB01
DB00443,betamethasone,C05AA05
DB00443,betamethasone,S03CA06
DB00443,betamethasone,D07XC01
DB00443,betamethasone,D07AC01
DB00443,betamethasone,A07EA04
DB00443,betamethasone,S02BA07
DB00443,betamethasone,R03BA04
DB00443,betamethasone,S03BA03
DB00443,betamethasone,S01CA05
DB00443,betamethasone,D07CC01
DB00444,teniposide,L01CB02
DB00445,epirubicin,L01DB03
DB00446,chloramphenicol,S03AA08
DB00446,chloramphenicol,S02AA01
DB00446,chloramphenicol,D10AF03
DB00446,chloramphenicol,S01AA01
DB00446,chloramphenicol,G01AA05
DB00446,chloramphenicol,J01BA01
DB00446,chloramphenicol,D06AX02
DB00448,lansoprazole,A02BC03
DB00448,lansoprazole,A02BD02
DB00448,lansoprazole,A02BD07
DB00448,lansoprazole,A02BD09
DB00448,lansoprazole,A02BD10
DB00448,lansoprazole,A02BD03
DB00448,lansoprazole,A02BC53
DB00450,droperidol,N05AD08
DB00451,levothyroxine,H03AA01
DB00457,prazosin,C02LE01
DB00457,prazosin,C02CA01
DB00458,imipramine,N06AA02
DB00459,acitretin,D05BB02
DB00461,nabumetone,M01AX01
DB00465,ketorolac,M01AB15
DB00465,ketorolac,S01FB51
DB00465,ketorolac,S01BC05
DB00468,quinine,M09AA72
DB00468,quinine,P01BC01
DB00470,dronabinol,A04AD10
DB00471,montelukast,R03DC03
DB00471,montelukast,R03DC53
DB00472,fluoxetine,N06CA03
DB00472,fluoxetine,N06AB03
DB00474,methohexital,N05CB01
DB00474,methohexital,N01AF01
DB00474,methohexital,N05CA15
DB00476,duloxetine,N06AX21
DB00477,chlorpromazine,N05AA01
DB00480,lenalidomide,L04AX04
DB00481,raloxifene,G03XC01
DB00482,celecoxib,M01AH01
DB00482,celecoxib,L01XX33
DB00482,celecoxib,G01AE10
DB00484,brimonidine,D11AX21
DB00484,brimonidine,S01EA05
DB00486,nabilone,A04AD11
DB00489,sotalol,C07AA07
DB00489,sotalol,C07BA07
DB00489,sotalol,C07FX02
DB00490,buspirone,N05BE01
DB00492,fosinopril,C09BA09
DB00492,fosinopril,C09AA09
DB00493,cefotaxime,J01DD01
DB00494,entacapone,N04BX02
DB00495,zidovudine,J05AR04
DB00495,zidovudine,J05AF01
DB00495,zidovudine,J05AR05
DB00495,zidovudine,J05AR01
DB00496,darifenacin,G04BD10
DB00497,oxycodone,N02AA56
DB00497,oxycodone,N02AA05
DB00497,oxycodone,N02AA55
DB00497,oxycodone,N02AJ18
DB00497,oxycodone,N02AJ17
DB00497,oxycodone,N02AJ19
DB00499,flutamide,L02BB01
DB00500,tolmetin,M01AB03
DB00500,tolmetin,M02AA21
DB00501,cimetidine,A02BA51
DB00501,cimetidine,A02BA01
DB00502,haloperidol,N05AD01
DB00503,ritonavir,J05AP53
DB00503,ritonavir,J05AR10
DB00503,ritonavir,J05AE03
DB00503,ritonavir,J05AR23
DB00503,ritonavir,J05AP52
DB00512,vancomycin,J01XA01
DB00512,vancomycin,A07AA09
DB00514,dextromethorphan,R05DA09
DB00514,dextromethorphan,N07XX59
DB00515,cisplatin,L01XA01
DB00518,albendazole,P02CA03
DB00519,trandolapril,C09AA10
DB00519,trandolapril,C09BB10
DB00523,alitretinoin,D11AH04
DB00523,alitretinoin,L01XX22
DB00524,metolazone,C03EA12
DB00524,metolazone,C03BA08
DB00524,metolazone,G01AE10
DB00526,oxaliplatin,L01XA03
DB00530,erlotinib,L01XE03
DB00531,cyclophosphamide,L01AA01
DB00535,cefdinir,J01DD15
DB00537,ciprofloxacin,J01RA11
DB00537,ciprofloxacin,S03AA07
DB00537,ciprofloxacin,J01MA02
DB00537,ciprofloxacin,S02AA15
DB00537,ciprofloxacin,J01RA10
DB00537,ciprofloxacin,J01RA12
DB00537,ciprofloxacin,S01AE03
DB00539,toremifene,L02BA02
DB00540,nortriptyline,N06AA10
DB00541,vincristine,L01CA02
DB00542,benazepril,C09BA07
DB00542,benazepril,C09AA07
DB00543,amoxapine,N06AA17
DB00544,fluorouracil,L01BC52
DB00544,fluorouracil,L01BC02
DB00549,zafirlukast,R03DC01
DB00550,propylthiouracil,H03BA02
DB00553,methoxsalen,D05BA02
DB00553,methoxsalen,D05AD02
DB00554,piroxicam,M01AC01
DB00554,piroxicam,M02AA07
DB00554,piroxicam,S01BC06
DB00555,lamotrigine,N03AX09
DB00557,hydroxyzine,N05BB01
DB00557,hydroxyzine,N05BB51
DB00563,methotrexate,L04AX03
DB00563,methotrexate,L01BA01
DB00564,carbamazepine,N03AF01
DB00567,cephalexin,J01DB01
DB00570,vinblastine,L01CA01
DB00571,propranolol,C07FX01
DB00571,propranolol,C07AA05
DB00571,propranolol,C07BA05
DB00572,atropine,S01FA01
DB00572,atropine,A03CB03
DB00572,atropine,A03BA01
DB00573,fenoprofen,M01AE04
DB00575,clonidine,S01EA04
DB00575,clonidine,C02LC01
DB00575,clonidine,C02AC01
DB00575,clonidine,N02CX02
DB00575,clonidine,C02LC51
DB00576,sulfamethizole,J01EB02
DB00576,sulfamethizole,B05CA04
DB00576,sulfamethizole,G01AE10
DB00576,sulfamethizole,S01AB01
DB00576,sulfamethizole,D06BA04
DB00580,valdecoxib,M01AH03
DB00582,voriconazole,J02AC03
DB00584,enalapril,C09BA02
DB00584,enalapril,C09BB06
DB00584,enalapril,C09BB02
DB00584,enalapril,C09AA02
DB00585,nizatidine,A02BA04
DB00590,doxazosin,C02CA04
DB00593,ethosuximide,N03AD01
DB00593,ethosuximide,N03AD51
DB00594,amiloride,C03DB01
DB00595,oxytetracycline,J01AA06
DB00595,oxytetracycline,S01AA04
DB00595,oxytetracycline,J01AA56
DB00595,oxytetracycline,D06AA03
DB00595,oxytetracycline,G01AA07
DB00595,oxytetracycline,J01AA20
DB00598,labetalol,C07BG01
DB00598,labetalol,C07CG01
DB00598,labetalol,C07AG01
DB00602,ivermectin,P02CF01
DB00602,ivermectin,D11AX22
DB00605,sulindac,M01AB02
DB00607,nafcillin,J01CR50
DB00607,nafcillin,J01CF06
DB00608,chloroquine,P01BA01
DB00611,butorphanol,N02AF01
DB00612,bisoprolol,C07FX04
DB00612,bisoprolol,C07BB07
DB00612,bisoprolol,C07AB07
DB00612,bisoprolol,C09BX02
DB00612,bisoprolol,C07FB07
DB00615,rifabutin,J04AB04
DB00619,imatinib,L01XE01
DB00620,triamcinolone,D07AB09
DB00620,triamcinolone,R01AD11
DB00620,triamcinolone,R03BA06
DB00620,triamcinolone,D07BB03
DB00620,triamcinolone,A01AC01
DB00620,triamcinolone,H02AB08
DB00620,triamcinolone,D07CB01
DB00620,triamcinolone,S01BA05
DB00620,triamcinolone,D07XB02
DB00620,triamcinolone,S02CA04
DB00620,triamcinolone,C05AA12
DB00621,oxandrolone,A14AA08
DB00622,nicardipine,C08CA04
DB00623,fluphenazine,N05AB02
DB00624,testosterone,G03BA03
DB00624,testosterone,G03EA02
DB00625,efavirenz,J05AR06
DB00625,efavirenz,J05AG03
DB00625,efavirenz,J05AR11
DB00626,bacitracin,J01XX10
DB00626,bacitracin,D06AX05
DB00626,bacitracin,R02AB04
DB00627,niacin,C10AD02
DB00627,niacin,C10AD52
DB00627,niacin,C10BA01
DB00627,niacin,C04AC01
DB00631,clofarabine,L01BB06
DB00633,dexmedetomidine,N05CM18
DB00635,prednisone,A07EA03
DB00635,prednisone,H02AB07
DB00640,adenosine,C01EB10
DB00641,simvastatin,A10BH51
DB00641,simvastatin,C10AA01
DB00641,simvastatin,C10BX04
DB00641,simvastatin,C10BA02
DB00641,simvastatin,C10BX01
DB00641,simvastatin,C10BA04
DB00642,pemetrexed,L01BA04
DB00643,mebendazole,P02CA51
DB00643,mebendazole,P02CA01
DB00645,dyclonine,N01BX02
DB00645,dyclonine,R02AD04
DB00646,nystatin,D01AA01
DB00646,nystatin,G01AA01
DB00646,nystatin,A07AA02
DB00646,nystatin,G01AA51
DB00648,mitotane,L01XX23
DB00649,stavudine,J05AF04
DB00649,stavudine,J05AR07
DB00650,leucovorin,V03AF06
DB00650,leucovorin,V03AF03
DB00652,pentazocine,N02AD01
DB00654,latanoprost,S01EE01
DB00655,estrone,G03CC04
DB00655,estrone,G03CA07
DB00656,trazodone,N06AX05
DB00657,mecamylamine,C02BB01
DB00659,acamprosate,N07BB03
DB00661,verapamil,C09BB10
DB00661,verapamil,C08DA51
DB00661,verapamil,C08DA01
DB00665,nilutamide,L02BB02
DB00666,nafarelin,H01CA02
DB00668,epinephrine,A01AD01
DB00668,epinephrine,R03AK01
DB00668,epinephrine,B02BC09
DB00668,epinephrine,C01CA24
DB00668,epinephrine,S01EA01
DB00668,epinephrine,R01AA14
DB00668,epinephrine,R03AA01
DB00668,epinephrine,S01EA51
DB00669,sumatriptan,N02CC01
DB00669,sumatriptan,G01AE10
DB00671,cefixime,J01DD08
DB00672,chlorpropamide,A10BB02
DB00673,aprepitant,A04AD12
DB00674,galantamine,N06DA04
DB00675,tamoxifen,L02BA01
DB00678,losartan,C09CA01
DB00678,losartan,C09DA01
DB00678,losartan,C09DB06
DB00679,thioridazine,N05AC02
DB00682,warfarin,B01AA03
DB00683,midazolam,N05CD08
DB00685,trovafloxacin,J01MA13
DB00687,fludrocortisone,S02CA07
DB00687,fludrocortisone,S01CA06
DB00687,fludrocortisone,H02AA02
DB00687,fludrocortisone,S03CA05
DB00692,phentolamine,V03AB36
DB00692,phentolamine,C04AB01
DB00693,fluorescein,S01JA01
DB00693,fluorescein,S01JA51
DB00694,daunorubicin,L01DB02
DB00694,daunorubicin,L01XY01
DB00695,furosemide,C03EB01
DB00695,furosemide,C03CA01
DB00695,furosemide,C03CB01
DB00695,furosemide,G01AE10
DB00696,ergotamine,N02CA02
DB00696,ergotamine,N02CA52
DB00696,ergotamine,N02CA72
DB00697,tizanidine,M03BX02
DB00698,nitrofurantoin,J01XE01
DB00698,nitrofurantoin,J01XE51
DB00700,eplerenone,C03DA04
DB00701,amprenavir,J05AE05
DB00703,methazolamide,S01EC05
DB00704,naltrexone,N02AA56
DB00704,naltrexone,N07BB04
DB00704,naltrexone,A08AA62
DB00705,delavirdine,J05AG02
DB00706,tamsulosin,G04CA52
DB00706,tamsulosin,G04CA02
DB00706,tamsulosin,G01AE10
DB00706,tamsulosin,G04CA53
DB00708,sufentanil,N01AH03
DB00709,lamivudine,J05AR02
DB00709,lamivudine,J05AR11
DB00709,lamivudine,J05AR07
DB00709,lamivudine,J05AR01
DB00709,lamivudine,J05AR13
DB00709,lamivudine,J05AR12
DB00709,lamivudine,J05AR24
DB00709,lamivudine,J05AR04
DB00709,lamivudine,J05AR16
DB00709,lamivudine,J05AR05
DB00709,lamivudine,J05AF05
DB00712,flurbiprofen,M02AA19
DB00712,flurbiprofen,M01AE09
DB00712,flurbiprofen,R02AX01
DB00712,flurbiprofen,S01BC04
DB00713,oxacillin,J01CR50
DB00713,oxacillin,J01CF04
DB00714,apomorphine,G04BE07
DB00714,apomorphine,N04BC07
DB00715,paroxetine,N06AB05
DB00721,procaine,N01BA52
DB00721,procaine,C05AD05
DB00721,procaine,S01HA05
DB00721,procaine,N01BA02
DB00722,lisinopril,C09BA03
DB00722,lisinopril,C10BX07
DB00722,lisinopril,C09AA03
DB00722,lisinopril,C09BB03
DB00724,imiquimod,D06BB10
DB00726,trimipramine,N06AA06
DB00727,nitroglycerin,C01DA02
DB00727,nitroglycerin,C01DA52
DB00727,nitroglycerin,C05AE01
DB00728,rocuronium,M03AC09
DB00733,pralidoxime,V03AB04
DB00734,risperidone,N05AX08
DB00736,esomeprazole,A02BD06
DB00736,esomeprazole,A02BC05
DB00736,esomeprazole,M01AE52
DB00740,riluzole,N07XX02
DB00745,modafinil,N06BA07
DB00746,deferoxamine,V03AC01
DB00747,scopolamine,N05CM05
DB00747,scopolamine,S01FA02
DB00747,scopolamine,A04AD01
DB00747,scopolamine,A04AD51
DB00748,carbinoxamine,R06AA08
DB00749,etodolac,M01AB08
DB00750,prilocaine,N01BB54
DB00750,prilocaine,N01BB04
DB00752,tranylcypromine,N06AF04
DB00753,isoflurane,N01AB06
DB00754,ethotoin,N03AB01
DB00755,tretinoin,D10AD51
DB00755,tretinoin,L01XX14
DB00755,tretinoin,D10AD01
DB00757,dolasetron,A04AA04
DB00758,clopidogrel,B01AC04
DB00759,tetracycline,S02AA08
DB00759,tetracycline,A02BD02
DB00759,tetracycline,A01AB13
DB00759,tetracycline,J01AA07
DB00759,tetracycline,S01AA09
DB00759,tetracycline,J01AA20
DB00759,tetracycline,J01RA08
DB00759,tetracycline,S03AA02
DB00759,tetracycline,D06AA04
DB00759,tetracycline,A02BD08
DB00762,irinotecan,L01XX19
DB00763,methimazole,H03BB52
DB00763,methimazole,H03BB02
DB00764,mometasone,D07AC13
DB00764,mometasone,R03BA07
DB00764,mometasone,R01AD09
DB00764,mometasone,D07XC03
DB00764,mometasone,R03AK09
DB00768,olopatadine,S01GX09
DB00768,olopatadine,R01AC08
DB00770,alprostadil,C01EA01
DB00770,alprostadil,G04BE01
DB00771,clidinium,A03CA02
DB00773,etoposide,L01CB01
DB00774,hydroflumethiazide,C03AA02
DB00774,hydroflumethiazide,G01AE10
DB00774,hydroflumethiazide,C03AH02
DB00774,hydroflumethiazide,C03AB02
DB00775,tirofiban,B01AC17
DB00776,oxcarbazepine,N03AF02
DB00780,phenelzine,N06AF03
DB00782,propantheline,A03AB05
DB00782,propantheline,A03CA34
DB00783,estradiol,G03FA16
DB00783,estradiol,G03FA06
DB00783,estradiol,G03FA09
DB00783,estradiol,G03FA14
DB00783,estradiol,G03CA53
DB00783,estradiol,G03FA12
DB00783,estradiol,G03FB12
DB00783,estradiol,G03FB03
DB00783,estradiol,G03FA15
DB00783,estradiol,G03FB02
DB00783,estradiol,G03FB10
DB00783,estradiol,G03FA10
DB00783,estradiol,G03EA01
DB00783,estradiol,G03FA04
DB00783,estradiol,G03FA01
DB00783,estradiol,G03FB11
DB00783,estradiol,G03FB09
DB00783,estradiol,G03FB08
DB00783,estradiol,G03EA03
DB00783,estradiol,G03AA14
DB00783,estradiol,G03AB08
DB00783,estradiol,G03FB01
DB00783,estradiol,G03FA03
DB00783,estradiol,G03FA08
DB00783,estradiol,G03FB06
DB00783,estradiol,G03EA02
DB00783,estradiol,G03FA11
DB00783,estradiol,G03AA17
DB00783,estradiol,G03FB07
DB00783,estradiol,G03FA17
DB00783,estradiol,G03FA07
DB00783,estradiol,G03FA02
DB00783,estradiol,G03HB01
DB00783,estradiol,G03FB04
DB00783,estradiol,G03FA13
DB00783,estradiol,G02BB01
DB00783,estradiol,G03CA03
DB00783,estradiol,G03FA05
DB00783,estradiol,G03FB05
DB00790,perindopril,C09BX01
DB00790,perindopril,C09BA04
DB00790,perindopril,C10BX11
DB00790,perindopril,C10BX13
DB00790,perindopril,C09AA04
DB00790,perindopril,C09BB04
DB00790,perindopril,C10BX12
DB00790,perindopril,C09BX02
DB00790,perindopril,C10BX15
DB00790,perindopril,C10BX14
DB00794,primidone,N05CB01
DB00794,primidone,N03AA03
DB00795,sulfasalazine,A07EC01
DB00795,sulfasalazine,G01AE10
DB00798,gentamicin,S01AA11
DB00798,gentamicin,S02AA14
DB00798,gentamicin,D06AX07
DB00798,gentamicin,S03AA06
DB00798,gentamicin,J01GB03
DB00799,tazarotene,D05AX05
DB00800,fenoldopam,C01CA19
DB00802,alfentanil,N01AH02
DB00804,dicyclomine,A03AA07
DB00806,pentoxifylline,C04AD03
DB00806,pentoxifylline,R03DA20
DB00808,indapamide,C03BA11
DB00808,indapamide,C09BX01
DB00808,indapamide,G01AE10
DB00808,indapamide,C10BX13
DB00809,tropicamide,S01FA06
DB00809,tropicamide,S01FA56
DB00811,ribavirin,J05AP01
DB00813,fentanyl,N01AH01
DB00813,fentanyl,N02AB03
DB00813,fentanyl,N01AH51
DB00814,meloxicam,M01AC56
DB00814,meloxicam,M01AC06
DB00818,propofol,N01AX10
DB00820,tadalafil,G04BE08
DB00820,tadalafil,C02KX52
DB00822,disulfiram,P03AA04
DB00822,disulfiram,P03AA54
DB00822,disulfiram,N07BB01
DB00829,diazepam,N05BA01
DB00831,trifluoperazine,N05AB06
DB00833,cefaclor,J01DC04
DB00834,mifepristone,G03XB01
DB00834,mifepristone,G03XB51
DB00835,brompheniramine,R06AB51
DB00835,brompheniramine,R06AB01
DB00836,loperamide,A07DA03
DB00836,loperamide,A07DA53
DB00841,dobutamine,C01CA07
DB00842,oxazepam,N05BA04
DB00843,donepezil,N06DA52
DB00843,donepezil,N06DA53
DB00843,donepezil,N06DA02
DB00844,nalbuphine,N02AF02
DB00847,cysteamine,A16AA04
DB00847,cysteamine,S01XA21
DB00850,perphenazine,N05AB03
DB00851,dacarbazine,L01AX04
DB00852,pseudoephedrine,R01BA52
DB00852,pseudoephedrine,R01BA02
DB00857,terbinafine,D01AE15
DB00857,terbinafine,D01BA02
DB00860,prednisolone,S01CA02
DB00860,prednisolone,D07AA03
DB00860,prednisolone,D07XA02
DB00860,prednisolone,A01AC54
DB00860,prednisolone,R01AD02
DB00860,prednisolone,S01BB02
DB00860,prednisolone,R01AD52
DB00860,prednisolone,S01CB02
DB00860,prednisolone,V03AB05
DB00860,prednisolone,S03BA02
DB00860,prednisolone,D07BA01
DB00860,prednisolone,D07CA03
DB00860,prednisolone,S01BA04
DB00860,prednisolone,S02BA03
DB00860,prednisolone,A07EA01
DB00860,prednisolone,H02AB06
DB00860,prednisolone,S02CA01
DB00860,prednisolone,C05AA04
DB00860,prednisolone,S03CA02
DB00861,diflunisal,N02BA11
DB00862,vardenafil,G04BE09
DB00863,ranitidine,A02BA07
DB00863,ranitidine,A02BA02
DB00864,tacrolimus,D11AH01
DB00864,tacrolimus,L04AD02
DB00868,benzonatate,R05DB01
DB00871,terbutaline,R03CC53
DB00871,terbutaline,R03CC03
DB00871,terbutaline,R03AC03
DB00872,conivaptan,C03XA02
DB00876,eprosartan,C09DA02
DB00876,eprosartan,C09CA02
DB00877,sirolimus,S01XA23
DB00877,sirolimus,L04AA10
DB00878,chlorhexidine,R02AA05
DB00878,chlorhexidine,S03AA04
DB00878,chlorhexidine,D08AC52
DB00878,chlorhexidine,D08AC02
DB00878,chlorhexidine,S01AX09
DB00878,chlorhexidine,D09AA12
DB00878,chlorhexidine,B05CA02
DB00878,chlorhexidine,A01AB03
DB00878,chlorhexidine,S02AA09
DB00879,emtricitabine,J05AR19
DB00879,emtricitabine,J05AR08
DB00879,emtricitabine,J05AR17
DB00879,emtricitabine,J05AF09
DB00879,emtricitabine,J05AR09
DB00879,emtricitabine,J05AR20
DB00879,emtricitabine,J05AR06
DB00879,emtricitabine,J05AR03
DB00879,emtricitabine,J05AR22
DB00879,emtricitabine,J05AR18
DB00880,chlorothiazide,C03AB04
DB00880,chlorothiazide,G01AE10
DB00880,chlorothiazide,C03AA04
DB00880,chlorothiazide,C03AH01
DB00881,quinapril,C09AA06
DB00881,quinapril,C09BA06
DB00887,bumetanide,G01AE10
DB00887,bumetanide,C03CB02
DB00887,bumetanide,C03EB02
DB00887,bumetanide,C03CA02
DB00888,mechlorethamine,L01AA05
DB00889,granisetron,A04AA02
DB00896,rimexolone,H02AB12
DB00896,rimexolone,S01BA13
DB00899,remifentanil,N01AH06
DB00900,didanosine,J05AF02
DB00904,ondansetron,A04AA01
DB00905,bimatoprost,S01EE03
DB00906,tiagabine,N03AG06
DB00907,cocaine,S01HA01
DB00907,cocaine,S02DA02
DB00907,cocaine,N01BC01
DB00907,cocaine,R02AD03
DB00908,quinidine,C01BA01
DB00908,quinidine,C01BA51
DB00908,quinidine,C01BA71
DB00909,zonisamide,N03AX15
DB00909,zonisamide,G01AE10
DB00910,paricalcitol,H05BX02
DB00911,tinidazole,J01RA11
DB00911,tinidazole,J01RA13
DB00911,tinidazole,A02BD09
DB00911,tinidazole,J01XD02
DB00911,tinidazole,G01AF20
DB00911,tinidazole,P01AB02
DB00912,repaglinide,A10BD14
DB00912,repaglinide,A10BX02
DB00915,amantadine,N04BB01
DB00916,metronidazole,A02BD11
DB00916,metronidazole,A02BD02
DB00916,metronidazole,D06BX01
DB00916,metronidazole,A02BD03
DB00916,metronidazole,J01XD01
DB00916,metronidazole,G01AF01
DB00916,metronidazole,J01RA04
DB00916,metronidazole,A02BD01
DB00916,metronidazole,P01AB51
DB00916,metronidazole,J01RA03
DB00916,metronidazole,A02BD08
DB00916,metronidazole,A01AB17
DB00916,metronidazole,P01AB01
DB00916,metronidazole,G01AF20
DB00916,metronidazole,J01RA10
DB00917,dinoprostone,G02AD02
DB00918,almotriptan,N02CC05
DB00921,buprenorphine,N07BC01
DB00921,buprenorphine,N07BC51
DB00921,buprenorphine,N02AE01
DB00924,cyclobenzaprine,M03BX08
DB00927,famotidine,A02BA53
DB00927,famotidine,A02BA03
DB00928,azacitidine,L01BC07
DB00929,misoprostol,G02AD06
DB00929,misoprostol,A02BB01
DB00929,misoprostol,M01AE56
DB00932,tipranavir,J05AE09
DB00934,maprotiline,N06AA21
DB00935,oxymetazoline,S01GA04
DB00935,oxymetazoline,R01AB07
DB00935,oxymetazoline,R01AA05
DB00937,diethylpropion,A08AA03
DB00938,salmeterol,R03AK06
DB00938,salmeterol,R03AK12
DB00938,salmeterol,R03AC12
DB00947,fulvestrant,L02BA03
DB00949,felbamate,N03AX10
DB00951,isoniazid,J04AM04
DB00951,isoniazid,J04AM01
DB00951,isoniazid,J04AM03
DB00951,isoniazid,J04AM02
DB00951,isoniazid,J04AC01
DB00951,isoniazid,J04AM06
DB00951,isoniazid,J04AM05
DB00951,isoniazid,J04AM07
DB00951,isoniazid,J04AM08
DB00951,isoniazid,J04AC51
DB00952,naratriptan,N02CC02
DB00953,rizatriptan,N02CC04
DB00956,hydrocodone,R05DA03
DB00957,norgestimate,G03AA11
DB00957,norgestimate,G03FA13
DB00957,norgestimate,G03AB09
DB00958,carboplatin,L01XA02
DB00959,methylprednisolone,D10AA02
DB00959,methylprednisolone,H02AB04
DB00959,methylprednisolone,H02BX01
DB00959,methylprednisolone,D07CA02
DB00959,methylprednisolone,S01CA08
DB00959,methylprednisolone,D07AA01
DB00960,pindolol,C07CA03
DB00960,pindolol,C07AA03
DB00961,mepivacaine,N01BB53
DB00961,mepivacaine,N01BB03
DB00962,zaleplon,N05CF03
DB00963,bromfenac,S01BC11
DB00964,apraclonidine,S01EA03
DB00966,telmisartan,C09DB04
DB00966,telmisartan,C09CA07
DB00966,telmisartan,C09DA07
DB00967,desloratadine,R06AX27
DB00969,alosetron,A03AE01
DB00970,dactinomycin,L01DA01
DB00972,azelastine,R06AX19
DB00972,azelastine,S01GX07
DB00972,azelastine,R01AC03
DB00973,ezetimibe,C10BA02
DB00973,ezetimibe,C10BA05
DB00973,ezetimibe,C10AX09
DB00973,ezetimibe,C10BA06
DB00975,dipyridamole,B01AC07
DB00976,telithromycin,J01FA15
DB00978,lomefloxacin,S01AE04
DB00978,lomefloxacin,J01MA07
DB00979,cyclopentolate,S01FA54
DB00979,cyclopentolate,S01FA04
DB00980,ramelteon,N05CH02
DB00982,isotretinoin,D10AD04
DB00982,isotretinoin,D10AD54
DB00982,isotretinoin,D10BA01
DB00983,formoterol,R03AL09
DB00983,formoterol,R03AL07
DB00983,formoterol,R03AK08
DB00983,formoterol,R03AC13
DB00983,formoterol,R03AK07
DB00983,formoterol,R03AK11
DB00983,formoterol,R03AL05
DB00983,formoterol,R03AK09
DB00987,cytarabine,L01BC01
DB00987,cytarabine,L01XY01
DB00988,dopamine,C01CA04
DB00989,rivastigmine,N06DA03
DB00991,oxaprozin,M01AE12
DB00993,azathioprine,L04AX01
DB00994,neomycin,A07AA51
DB00994,neomycin,R02AB01
DB00994,neomycin,J01GB05
DB00994,neomycin,D06AX04
DB00994,neomycin,S03AA01
DB00994,neomycin,A01AB08
DB00994,neomycin,A07AA01
DB00994,neomycin,S02AA07
DB00994,neomycin,B05CA09
DB00994,neomycin,S01AA03
DB00995,auranofin,M01CB03
DB00996,gabapentin,N03AX12
DB00997,doxorubicin,L01DB01
DB00998,frovatriptan,N02CC07
DB00999,hydrochlorothiazide,C09BX03
DB00999,hydrochlorothiazide,C03AX01
DB00999,hydrochlorothiazide,C09DX03
DB00999,hydrochlorothiazide,C03AB03
DB00999,hydrochlorothiazide,C03EA01
DB00999,hydrochlorothiazide,C09DX06
DB00999,hydrochlorothiazide,C09XA52
DB00999,hydrochlorothiazide,G01AE10
DB00999,hydrochlorothiazide,C09DX01
DB00999,hydrochlorothiazide,C03AA03
DB00999,hydrochlorothiazide,C09XA54
DB01008,busulfan,L01AB01
DB01009,ketoprofen,M01AE03
DB01009,ketoprofen,M02AA10
DB01009,ketoprofen,M01AE53
DB01012,cinacalcet,H05BX01
DB01014,balsalazide,A07EC04
DB01015,sulfamethoxazole,J04AM08
DB01015,sulfamethoxazole,J01EE01
DB01015,sulfamethoxazole,G01AE10
DB01015,sulfamethoxazole,J01EC01
DB01016,glyburide,A10BB01
DB01017,minocycline,J01AA08
DB01017,minocycline,J01AA20
DB01017,minocycline,A01AB23
DB01018,guanfacine,C02AC02
DB01023,felodipine,C07FB02
DB01023,felodipine,C08CA02
DB01023,felodipine,C09BB05
DB01026,ketoconazole,G01AF11
DB01026,ketoconazole,G01AF20
DB01026,ketoconazole,J02AB02
DB01026,ketoconazole,D01AC08
DB01029,irbesartan,C09CA04
DB01029,irbesartan,C09DB05
DB01029,irbesartan,C09DA04
DB01030,topotecan,L01XX17
DB01032,probenecid,M04AB01
DB01032,probenecid,G01AE10
DB01035,procainamide,C01BA02
DB01037,selegiline,N04BD01
DB01039,fenofibrate,C10BA03
DB01039,fenofibrate,C10AB05
DB01039,fenofibrate,C10BA04
DB01041,thalidomide,L04AX02
DB01042,melphalan,L01AA03
DB01043,memantine,N06DA52
DB01043,memantine,N06DX01
DB01043,memantine,N06DA53
DB01044,gatifloxacin,S01AE06
DB01044,gatifloxacin,J01MA16
DB01046,lubiprostone,A06AX03
DB01050,ibuprofen,G02CC01
DB01050,ibuprofen,C01EB16
DB01050,ibuprofen,M01AE01
DB01050,ibuprofen,M02AA13
DB01050,ibuprofen,R02AX02
DB01050,ibuprofen,N02AJ08
DB01050,ibuprofen,N02AJ19
DB01050,ibuprofen,M01AE51
DB01060,amoxicillin,A02BD11
DB01060,amoxicillin,J01CR50
DB01060,amoxicillin,A02BD07
DB01060,amoxicillin,A02BD04
DB01060,amoxicillin,A02BD10
DB01060,amoxicillin,A02BD03
DB01060,amoxicillin,A02BD05
DB01060,amoxicillin,A02BD01
DB01060,amoxicillin,A02BD06
DB01060,amoxicillin,J01CA04
DB01062,oxybutynin,G04BD04
DB01067,glipizide,A10BB07
DB01068,clonazepam,N03AE01
DB01069,promethazine,R06AD52
DB01069,promethazine,D04AA10
DB01069,promethazine,V03AB05
DB01069,promethazine,R06AD02
DB01072,atazanavir,J05AE08
DB01072,atazanavir,J05AR15
DB01072,atazanavir,J05AR23
DB01073,fludarabine,L01BB05
DB01075,diphenhydramine,D04AA32
DB01075,diphenhydramine,R06AA02
DB01075,diphenhydramine,D04AA33
DB01075,diphenhydramine,R06AA52
DB01076,atorvastatin,C10BX15
DB01076,atorvastatin,C10AA05
DB01076,atorvastatin,C10BX03
DB01076,atorvastatin,C10BA05
DB01076,atorvastatin,C10BX11
DB01076,atorvastatin,C10BX08
DB01076,atorvastatin,C10BX06
DB01076,atorvastatin,C10BX12
DB01080,vigabatrin,N03AG04
DB01081,diphenoxylate,A07DA01
DB01085,pilocarpine,N07AX01
DB01085,pilocarpine,S01EB01
DB01085,pilocarpine,S01EB51
DB01086,benzocaine,C05AD03
DB01086,benzocaine,R02AD01
DB01086,benzocaine,D04AB04
DB01086,benzocaine,N01BA05
DB01088,iloprost,B01AC11
DB01095,fluvastatin,C10AA04
DB01097,leflunomide,L04AA13
DB01098,rosuvastatin,C10BX10
DB01098,rosuvastatin,C10BX05
DB01098,rosuvastatin,C10BX07
DB01098,rosuvastatin,C10AA07
DB01098,rosuvastatin,A10BH52
DB01098,rosuvastatin,G01AE10
DB01098,rosuvastatin,C10BX13
DB01098,rosuvastatin,C10BX09
DB01098,rosuvastatin,C10BX14
DB01098,rosuvastatin,C10BA06
DB01099,flucytosine,J02AX01
DB01099,flucytosine,D01AE21
DB01100,pimozide,N05AG02
DB01104,sertraline,N06AB06
DB01109,heparin,B01AB51
DB01109,heparin,C05BA03
DB01109,heparin,S01XA14
DB01109,heparin,C05BA53
DB01109,heparin,B01AB01
DB01110,miconazole,A07AC01
DB01110,miconazole,J02AB01
DB01110,miconazole,D01AC52
DB01110,miconazole,G01AF20
DB01110,miconazole,A01AB09
DB01110,miconazole,D01AC02
DB01110,miconazole,S02AA13
DB01110,miconazole,G01AF04
DB01112,cefuroxime,S01AA27
DB01112,cefuroxime,J01DC02
DB01112,cefuroxime,J01RA03
DB01115,nifedipine,C08CA55
DB01115,nifedipine,C08GA01
DB01115,nifedipine,C08CA05
DB01115,nifedipine,C07FB03
DB01117,atovaquone,P01AX06
DB01118,amiodarone,C01BD01
DB01119,diazoxide,G01AE10
DB01119,diazoxide,C02DA01
DB01119,diazoxide,V03AH01
DB01124,tolbutamide,V04CA01
DB01124,tolbutamide,A10BB03
DB01126,dutasteride,G04CB02
DB01126,dutasteride,G04CA52
DB01128,bicalutamide,L02BB03
DB01128,bicalutamide,L02AE51
DB01129,rabeprazole,A02BC54
DB01129,rabeprazole,M01AA05
DB01129,rabeprazole,A02BC04
DB01129,rabeprazole,M02AA03
DB01131,proguanil,P01BB01
DB01131,proguanil,P01BB51
DB01132,pioglitazone,A10BD09
DB01132,pioglitazone,A10BG03
DB01132,pioglitazone,A10BD05
DB01132,pioglitazone,A10BD06
DB01132,pioglitazone,A10BD12
DB01136,carvedilol,C07AG02
DB01136,carvedilol,C07FX06
DB01137,levofloxacin,J01MA12
DB01137,levofloxacin,A02BD10
DB01137,levofloxacin,J01RA05
DB01137,levofloxacin,S01AE05
DB01140,cefadroxil,J01DB05
DB01141,micafungin,J02AX05
DB01142,doxepin,N06AA12
DB01142,doxepin,D04AX01
DB01149,nefazodone,N06AX06
DB01151,desipramine,N06AA01
DB01155,gemifloxacin,J01MA15
DB01156,bupropion,A08AA62
DB01156,bupropion,N06AX12
DB01157,trimetrexate,P01AX07
DB01161,chloroprocaine,N01BA04
DB01162,terazosin,G04CA03
DB01165,ofloxacin,J01MA01
DB01165,ofloxacin,J01RA09
DB01165,ofloxacin,S01AE01
DB01165,ofloxacin,S02AA16
DB01166,cilostazol,B01AC23
DB01167,itraconazole,J02AC02
DB01168,procarbazine,L01XB01
DB01173,orphenadrine,M03BC51
DB01173,orphenadrine,N04AB02
DB01173,orphenadrine,M03BC01
DB01174,phenobarbital,N05CB01
DB01174,phenobarbital,N03AA02
DB01175,escitalopram,N06AB10
DB01177,idarubicin,L01DB06
DB01179,podofilox,D06BB04
DB01181,ifosfamide,L01AA06
DB01182,propafenone,C01BC03
DB01183,naloxone,A06AH04
DB01183,naloxone,N02AA53
DB01183,naloxone,V03AB15
DB01183,naloxone,N02AA55
DB01185,fluoxymesterone,G03BA01
DB01186,pergolide,N04BC02
DB01189,desflurane,N01AB07
DB01193,acebutolol,C07AB04
DB01193,acebutolol,C07BB04
DB01195,flecainide,C01BC04
DB01196,estramustine,L01XX11
DB01197,captopril,C09AA01
DB01197,captopril,C09BA01
DB01200,bromocriptine,N04BC01
DB01200,bromocriptine,G02CB01
DB01201,rifapentine,J04AB05
DB01203,nadolol,C07BA12
DB01203,nadolol,C07AA12
DB01204,mitoxantrone,L01DB07
DB01205,flumazenil,V03AB25
DB01206,lomustine,L01AD02
DB01210,levobunolol,S01ED03
DB01211,clarithromycin,A02BD11
DB01211,clarithromycin,A02BD04
DB01211,clarithromycin,A02BD07
DB01211,clarithromycin,A02BD09
DB01211,clarithromycin,A02BD06
DB01211,clarithromycin,A02BD05
DB01211,clarithromycin,J01FA09
DB01212,ceftriaxone,J01DD04
DB01212,ceftriaxone,J01DD54
DB01214,metipranolol,S01ED54
DB01214,metipranolol,C07BA68
DB01214,metipranolol,S01ED04
DB01215,estazolam,N05CD04
DB01217,anastrozole,L02BG03
DB01220,rifaximin,A07AA11
DB01220,rifaximin,D06AX11
DB01221,ketamine,N01AX03
DB01222,budesonide,D07AC09
DB01222,budesonide,R01AD05
DB01222,budesonide,R03AK07
DB01222,budesonide,A07EA06
DB01222,budesonide,R03BA02
DB01222,budesonide,R03AK12
DB01223,aminophylline,R03DA55
DB01223,aminophylline,R03DA05
DB01223,aminophylline,R03DA20
DB01223,aminophylline,R03DB05
DB01224,quetiapine,N05AH04
DB01225,enoxaparin,B01AB05
DB01229,paclitaxel,L01CD01
DB01232,saquinavir,J05AE01
DB01233,metoclopramide,A03FA01
DB01234,dexamethasone,R01AD53
DB01234,dexamethasone,D07XB05
DB01234,dexamethasone,S03BA01
DB01234,dexamethasone,R01AD03
DB01234,dexamethasone,D10AA03
DB01234,dexamethasone,S01CB01
DB01234,dexamethasone,S02CA06
DB01234,dexamethasone,S03CA01
DB01234,dexamethasone,C05AA09
DB01234,dexamethasone,D07CB04
DB01234,dexamethasone,H02AB02
DB01234,dexamethasone,S01BA01
DB01234,dexamethasone,A01AC02
DB01234,dexamethasone,S01CA01
DB01234,dexamethasone,D07AB19
DB01234,dexamethasone,S02BA06
DB01235,levodopa,N04BA03
DB01235,levodopa,N04BA01
DB01235,levodopa,N04BA02
DB01236,sevoflurane,N01AB08
DB01238,aripiprazole,N05AX12
DB01240,epoprostenol,B01AC09
DB01241,gemfibrozil,C10AB04
DB01242,clomipramine,N06AA04
DB01250,olsalazine,A07EC03
DB01254,dasatinib,L01XE06
DB01255,lisdexamfetamine,N06BA12
DB01257,eculizumab,L04AA25
DB01259,lapatinib,L01XE07
DB01261,sitagliptin,A10BH51
DB01261,sitagliptin,A10BD24
DB01261,sitagliptin,A10BD07
DB01261,sitagliptin,A10BH01
DB01261,sitagliptin,A10BD12
DB01262,decitabine,L01BC08
DB01263,posaconazole,J02AC04
DB01267,paliperidone,N05AX13
DB01268,sunitinib,L01XE04
DB01269,panitumumab,L01XC08
DB01270,ranibizumab,S01LA04
DB01271,idursulfase,A16AB09
DB01273,varenicline,N07BA03
DB01275,hydralazine,C02DB02
DB01275,hydralazine,C02LG02
DB01276,exenatide,A10BJ01
DB01277,mecasermin,H01AC03
DB01278,pramlintide,A10BX05
DB01279,galsulfase,A16AB08
DB01280,nelarabine,L01BB07
DB01281,abatacept,L04AA24
DB01296,glucosamine,M01AX05
DB01320,fosphenytoin,N03AB05
DB01324,polythiazide,C03AA05
DB01324,polythiazide,C03AB05
DB01324,polythiazide,G01AE10
DB01327,cefazolin,J01DB04
DB01330,cefotetan,J01DC05
DB01332,ceftizoxime,J01DD07
DB01351,amobarbital,N05CA02
DB01351,amobarbital,N05CB01
DB01364,ephedrine,S01FB02
DB01364,ephedrine,R01AB05
DB01364,ephedrine,C01CA26
DB01364,ephedrine,R03CA02
DB01364,ephedrine,A08AA56
DB01364,ephedrine,R01AA03
DB01367,rasagiline,N04BD02
DB01373,calcium,M05BB01
DB01373,calcium,A11AA02
DB01373,calcium,M05BB08
DB01373,calcium,A11GB01
DB01373,calcium,M05BB02
DB01373,calcium,M05BB04
DB01373,calcium,M05BB05
DB01394,colchicine,M04AC01
DB01395,drospirenone,G03AC10
DB01395,drospirenone,G03FA17
DB01395,drospirenone,G03AA12
DB01399,salsalate,N02BA06
DB01400,neostigmine,N07AA01
DB01400,neostigmine,S01EB06
DB01400,neostigmine,N07AA51
DB01406,danazol,G03XA01
DB01409,tiotropium,R03AL06
DB01409,tiotropium,R03BB04
DB01409,tiotropium,R03BB54
DB01410,ciclesonide,R03BA08
DB01410,ciclesonide,R01AD13
DB01413,cefepime,J01DE01
DB01413,cefepime,J01RA06
DB01415,ceftibuten,J01DD14
DB01438,phenazopyridine,G04BX06
DB01551,dihydrocodeine,N02AA58
DB01551,dihydrocodeine,N02AA08
DB01551,dihydrocodeine,N02AJ02
DB01551,dihydrocodeine,N02AJ01
DB01576,dextroamphetamine,N06BA02
DB01590,everolimus,L01XE10
DB01590,everolimus,L04AA18
DB01591,solifenacin,G04BD08
DB01591,solifenacin,G04CA53
DB01592,iron,B03AE02
DB01592,iron,A11AA01
DB01592,iron,B03AE01
DB01592,iron,B03AE04
DB01592,iron,B03AE03
DB01593,zinc,C05AX04
DB01597,cilastatin,J01DH51
DB01601,lopinavir,J05AR10
DB01606,tazobactam,J01CG02
DB01609,deferasirox,V03AC03
DB01611,hydroxychloroquine,P01BA02
DB01618,molindone,N05AE02
DB01623,thiothixene,N05AF04
DB01656,roflumilast,R03DX07
DB01708,prasterone,G03EA03
DB01708,prasterone,G03XX01
DB01708,prasterone,A14AA07
DB02546,vorinostat,L01XX38
DB04572,thiotepa,L01AC01
DB04711,iodipamide,V08AC04
DB04835,maraviroc,J05AX09
DB04844,tetrabenazine,N07XX06
DB04845,ixabepilone,L01DC04
DB04854,febuxostat,M04AA03
DB04861,nebivolol,C09DX05
DB04861,nebivolol,C07FB12
DB04861,nebivolol,C07BB12
DB04861,nebivolol,C07AB12
DB04868,nilotinib,L01XE08
DB04871,lorcaserin,A08AA11
DB04895,pegaptanib,S01LA03
DB04896,milnacipran,N06AX17
DB04920,clevidipine,C08CA16
DB04930,permethrin,P03AC54
DB04930,permethrin,P03AC04
DB04938,ospemifene,G03XC05
DB04946,iloperidone,N05AX14
DB04951,pirfenidone,L04AX05
DB04953,ezogabine,N03AX21
DB05015,belinostat,L01XX49
DB05039,indacaterol,R03AC18
DB05039,indacaterol,R03AL04
DB05109,trabectedin,L01CX01
DB05239,cobimetinib,L01XE38
DB05246,methsuximide,N03AD03
DB05271,rotigotine,N04BC09
DB05294,vandetanib,L01XE12
DB05316,pimavanserin,N05AX17
DB05381,histamine,L03AX14
DB05381,histamine,V04CG03
DB05578,ramucirumab,L01XC21
DB05679,ustekinumab,L04AC05
DB05812,abiraterone,L02BX03
DB06043,olaratumab,L01XC27
DB06151,acetylcysteine,R05CB01
DB06151,acetylcysteine,S01XA08
DB06151,acetylcysteine,V03AB23
DB06168,canakinumab,L04AC08
DB06176,romidepsin,L01XX39
DB06186,ipilimumab,L01XC11
DB06201,rufinamide,N03AF03
DB06203,alogliptin,A10BD13
DB06203,alogliptin,A10BD09
DB06203,alogliptin,A10BH04
DB06204,tapentadol,N02AX06
DB06209,prasugrel,B01AC22
DB06211,doripenem,J01DH04
DB06212,tolvaptan,C03XA01
DB06213,regadenoson,C01EB21
DB06216,asenapine,N05AH05
DB06218,lacosamide,N03AX18
DB06228,rivaroxaban,B01AF01
DB06262,droxidopa,C01CA27
DB06273,tocilizumab,L04AC07
DB06282,levocetirizine,R06AE09
DB06285,teriparatide,H05AA02
DB06287,temsirolimus,L01XE09
DB06290,simeprevir,G01AE10
DB06290,simeprevir,J05AP05
DB06335,saxagliptin,A10BD21
DB06335,saxagliptin,A10BD25
DB06335,saxagliptin,A10BH03
DB06335,saxagliptin,A10BD10
DB06366,pertuzumab,L01XC13
DB06372,rilonacept,L04AC04
DB06401,bazedoxifene,G03XC02
DB06401,bazedoxifene,G03CC07
DB06403,ambrisentan,C02KX02
DB06403,ambrisentan,C02KX52
DB06410,doxercalciferol,H05BX03
DB06412,oxymetholone,A14AA05
DB06413,armodafinil,N06BA13
DB06441,cangrelor,B01AC25
DB06589,pazopanib,L01XE11
DB06603,panobinostat,L01XX42
DB06605,apixaban,B01AF02
DB06616,bosutinib,L01XE14
DB06626,axitinib,L01XE17
DB06643,denosumab,M05BX04
DB06654,safinamide,N04BD03
DB06655,liraglutide,A10AE56
DB06655,liraglutide,A10BJ02
DB06663,pasireotide,H01CB05
DB06674,golimumab,L04AB06
DB06681,belatacept,L04AA28
DB06684,vilazodone,N06AX24
DB06692,aprotinin,B02AB01
DB06697,artemether,P01BF01
DB06697,artemether,P01BE02
DB06699,degarelix,L02BX02
DB06700,desvenlafaxine,N06AX23
DB06701,dexmethylphenidate,N06BA11
DB06706,isometheptene,A03AX10
DB06708,lumefantrine,P01BF01
DB06710,methyltestosterone,G03BA02
DB06710,methyltestosterone,G03EA01
DB06710,methyltestosterone,G03EK01
DB06711,naphazoline,R01AB02
DB06711,naphazoline,S01GA01
DB06711,naphazoline,S01GA51
DB06711,naphazoline,R01AA08
DB06713,norelgestromin,G03AA13
DB06769,bendamustine,L01AA09
DB06772,cabazitaxel,L01CD04
DB06774,capsaicin,M02AB01
DB06774,capsaicin,N01BX04
DB06779,dalteparin,B01AB04
DB06788,histrelin,L02AE05
DB06791,lanreotide,H01CB03
DB06802,nepafenac,S01BC10
DB06809,plerixafor,L03AX16
DB06813,pralatrexate,L01BA05
DB06817,raltegravir,J05AR16
DB06817,raltegravir,J05AX08
DB06822,tinzaparin,B01AB10
DB06825,triptorelin,L02AE04
DB08604,triclosan,D08AE04
DB08604,triclosan,D09AA06
DB08815,lurasidone,N05AE05
DB08816,ticagrelor,B01AC24
DB08826,deferiprone,V03AC02
DB08828,vismodegib,L01XX43
DB08860,pitavastatin,C10AA08
DB08864,rilpivirine,J05AR19
DB08864,rilpivirine,J05AR21
DB08864,rilpivirine,J05AR08
DB08864,rilpivirine,J05AG05
DB08865,crizotinib,L01XE16
DB08868,fingolimod,L04AA27
DB08869,tesamorelin,H01AC06
DB08871,eribulin,L01XX41
DB08873,boceprevir,J05AP03
DB08875,cabozantinib,L01XE26
DB08877,ruxolitinib,L01XE18
DB08879,belimumab,L04AA26
DB08880,teriflunomide,L04AA31
DB08881,vemurafenib,L01XE15
DB08881,vemurafenib,G01AE10
DB08882,linagliptin,A10BH05
DB08882,linagliptin,A10BD19
DB08882,linagliptin,A10BD11
DB08883,perampanel,N03AX22
DB08893,mirabegron,G04BD12
DB08895,tofacitinib,L04AA29
DB08896,regorafenib,L01XE21
DB08899,enzalutamide,L02BB04
DB08900,teduglutide,A16AX08
DB08901,ponatinib,L01XE24
DB08910,pomalidomide,L04AX06
DB08911,trametinib,L01XE25
DB08912,dabrafenib,L01XE23
DB08916,afatinib,L01XE13
DB08930,dolutegravir,J05AX12
DB08930,dolutegravir,J05AR13
DB08930,dolutegravir,J05AR21
DB08932,macitentan,C02KX04
DB08934,sofosbuvir,J05AP08
DB08934,sofosbuvir,J05AP51
DB08934,sofosbuvir,J05AP55
DB08934,sofosbuvir,J05AP56
DB09026,aliskiren,C09XA54
DB09026,aliskiren,C09XA53
DB09026,aliskiren,C09DX02
DB09026,aliskiren,C09XA02
DB09026,aliskiren,C09XA52
DB09027,ledipasvir,J05AP51
DB09035,nivolumab,L01XC17
DB09036,siltuximab,L04AC11
DB09037,pembrolizumab,L01XC18
DB09039,eliglustat,A16AX10
DB09043,albiglutide,A10BJ04
DB09052,blinatumomab,L01XC19
DB09053,ibrutinib,L01XE27
DB09054,idelalisib,L01XX47
DB09063,ceritinib,L01XE28
DB09065,cobicistat,J05AR09
DB09065,cobicistat,J05AR15
DB09065,cobicistat,J05AR14
DB09065,cobicistat,J05AR22
DB09065,cobicistat,J05AR18
DB09065,cobicistat,V03AX03
DB09073,palbociclib,L01XE33
DB09074,olaparib,L01XX46
DB09075,edoxaban,B01AF03
DB09078,lenvatinib,L01XE29
DB09079,nintedanib,L01XE31
DB09085,tetracaine,C05AD02
DB09085,tetracaine,N01BA03
DB09085,tetracaine,D04AB06
DB09085,tetracaine,N01BA53
DB09085,tetracaine,S01HA03
DB09102,daclatasvir,J05AP07
DB09123,dienogest,G03AB08
DB09123,dienogest,G03DB08
DB09123,dienogest,G03FA15
DB09123,dienogest,G03AA16
DB09142,sincalide,V04CC03
DB09183,dasabuvir,J05AP09
DB09183,dasabuvir,J05AP52
DB09296,ombitasvir,J05AP53
DB09296,ombitasvir,J05AP52
DB09297,paritaprevir,J05AP53
DB09297,paritaprevir,J05AP52
DB09330,osimertinib,L01XE35
DB09389,norgestrel,G03FA10
DB09389,norgestrel,G03FB01
DB09389,norgestrel,G03AA06
DB09421,protirelin,V04CJ02
DB09462,glycerin,A06AX01
DB09462,glycerin,A06AG04
DB09559,necitumumab,L01XC22
DB09570,ixazomib,L01XX50
DB11363,alectinib,L01XE36
DB11581,venetoclax,L01XX52
DB11595,atezolizumab,L01XC32
DB11730,ribociclib,L01XE42
DB11921,deflazacort,H02AB13
DB13919,candesartan,C09DB07
DB13919,candesartan,C09DA06
DB13919,candesartan,C09DX06
DB13919,candesartan,C09CA06
db00008,peginterferon alfa-2a,L03AB11
db00008,peginterferon alfa-2a,L03AB61
db00030,insulin human,A10AC01
db00030,insulin human,A10AE01
db00030,insulin human,A10AB01
db00030,insulin human,A10AD01
db00030,insulin human,A10AF01
db00046,insulin lispro,A10AC04
db00046,insulin lispro,A10AB04
db00046,insulin lispro,A10AD04
db00047,insulin glargine,A10AE54
db00047,insulin glargine,A10AE04
db00056,gemtuzumab ozogamicin,L01XC05
db00060,interferon beta-1a,L03AB07
db00068,interferon beta-1b,L03AB08
db00069,interferon alfacon-1,L03AB09
db00078,ibritumomab tiuxetan,V10XX02
db00158,folic acid,B03AE02
db00158,folic acid,B03BB01
db00158,folic acid,B03AE01
db00158,folic acid,B03BB51
db00233,aminosalicylic acid,J04AA02
db00233,aminosalicylic acid,J04AA03
db00233,aminosalicylic acid,J04AA01
db00302,tranexamic acid,B02AA02
db00313,valproic acid,N03AG01
db00513,aminocaproic acid,B02AA01
db00548,azelaic acid,D10AX03
db00591,fluocinolone acetonide,S01CA10
db00591,fluocinolone acetonide,D07BC02
db00591,fluocinolone acetonide,S02BA08
db00591,fluocinolone acetonide,C05AA10
db00591,fluocinolone acetonide,S01BA15
db00591,fluocinolone acetonide,D07AC04
db00591,fluocinolone acetonide,S02CA05
db00591,fluocinolone acetonide,D07CC02
db00630,alendronic acid,M05BB03
db00630,alendronic acid,M05BA04
db00630,alendronic acid,M05BB06
db00630,alendronic acid,M05BB05
db00784,mefenamic acid,M01AG01
db00855,aminolevulinic acid,L01XD04
db00883,isosorbide dinitrate,C01DA08
db00883,isosorbide dinitrate,C01DA58
db00883,isosorbide dinitrate,C05AE02
db00936,salicylic acid,D01AE12
db00936,salicylic acid,N02BA04
db00936,salicylic acid,N02BA12
db00936,salicylic acid,S01BC08
db00939,meclofenamic acid,M01AG04
db00939,meclofenamic acid,M02AA18
db00992,methyl aminolevulinate,L01XD03
db01024,mycophenolic acid,L04AA06
db01272,alglucosidase alfa,A16AB07
db01306,insulin aspart,A10AD06
db01306,insulin aspart,A10AD05
db01306,insulin aspart,A10AB05
db01307,insulin detemir,A10AE05
db01309,insulin glulisine,A10AB06
db02325,isopropyl alcohol,D08AX05
db03166,acetic acid,S02AA10
db03166,acetic acid,G01AD02
db03619,deoxycholic acid,D11AX24
db03793,benzoic acid,A16AX11
db03793,benzoic acid,V04CG30
db04398,lactic acid,G01AD01
db05773,trastuzumab emtansine,L01XC14
db05990,obeticholic acid,A05AA04
db06695,dabigatran etexilate,B01AE07
db06770,benzyl alcohol,P03AX06
db08904,certolizumab pegol,L04AB05
db09395,sodium acetate,B05XA08
db13151,anti-inhibitor coagulant complex,B02BD03
